"gender","revenue"
"Female","60.2491987179487179"
"Male","59.5361990950226244"
